{
  "project_info": {
    "project_number": "676323206286",
    "project_id": "socialapp-78a17",
    "storage_bucket": "socialapp-78a17.appspot.com"
  },
  "client": [
    {
      "client_info": {
        "mobilesdk_app_id": "1:676323206286:android:0cd702ab88db677da2d5df",
        "android_client_info": {
          "package_name": "com.baokhiem.modelmvc"
        }
      },
      "oauth_client": [
        {
          "client_id": "676323206286-lqbru7pa3vshhqdfefcck0dtij22pmhi.apps.googleusercontent.com",
          "client_type": 3
        }
      ],
      "api_key": [
        {
          "current_key": "AIzaSyBztk0UANUat9TNeNPUN-N2Do62tB54G8k"
        }
      ],
      "services": {
        "appinvite_service": {
          "other_platform_oauth_client": [
            {
              "client_id": "676323206286-ju84m1rnt4hpb5n7k4417e0e06atkfh3.apps.googleusercontent.com",
              "client_type": 3
            }
          ]
        }
      }
    },
    {
      "client_info": {
        "mobilesdk_app_id": "1:676323206286:android:7475e28c312f4229a2d5df",
        "android_client_info": {
          "package_name": "com.baokhiem.socialapp"
        }
      },
      "oauth_client": [
        {
          "client_id": "676323206286-gcm9ngundntqo2lvp7hqnoo1scdnsnmr.apps.googleusercontent.com",
          "client_type": 1,
          "android_info": {
            "package_name": "com.baokhiem.socialapp",
            "certificate_hash": "65409887c09d102c97c04285cbed1ca13edb1a89"
          }
        },
        {
          "client_id": "676323206286-lqbru7pa3vshhqdfefcck0dtij22pmhi.apps.googleusercontent.com",
          "client_type": 3
        }
      ],
      "api_key": [
        {
          "current_key": "AIzaSyBztk0UANUat9TNeNPUN-N2Do62tB54G8k"
        }
      ],
      "services": {
        "appinvite_service": {
          "other_platform_oauth_client": [
            {
              "client_id": "676323206286-ju84m1rnt4hpb5n7k4417e0e06atkfh3.apps.googleusercontent.com",
              "client_type": 3
            }
          ]
        }
      }
    }
  ],
  "configuration_version": "1"
}